{
  "cx": 359.5,
  "cy": 269.5,
  "depth_scale": 1.0,
  "fx": 1342.1932049569116,
  "fy": 1342.1932049569116,
  "height": 540,
  "width": 720
}