{
    "bg_color": [
        0.3,
        0.8,
        0.9,
        1.0
    ],
    "object": {
        "offset": [
            0,
            0,
            -0.5
        ],
        "rand_trans": [
            [
                -0.05,
                0.05
            ],
            [
                -0.05,
                0.05
            ],
            [
                -0.05,
                0.05
            ]
        ],
        "rand_rot": [
            [
                -3.141592653589793,
                3.141592653589793
            ],
            [
                -3.141592653589793,
                3.141592653589793
            ],
            [
                -3.141592653589793,
                3.141592653589793
            ]
        ]
    },
    "lighting": [
        {
            "type": "directional",
            "color": [
                1,
                0.9,
                1
            ],
            "intensity": 30.0
        },
        {
            "type": "spot",
            "cone_angle": 1.0471975511965976,
            "intensity": 1
        }
    ]
}